orgnid,keyword1,keyword2,keyword3,keyword4,keyword5,keyword6,keyword7,keyword8
100027,14213,17550,,,,,,
100027,212675,91451,161162,,,,,
100027,62250,5824,3115,,,,,
100027,215440,10710,133913,,,,,
100027,70,159162,170572,,,,,
100027,7010,17832,,,,,,
100027,97322,4715,212618,,,,,
100027,73915,204480,,,,,,
100027,36802,417,4465,,,,,
100027,899,36743,134259,,,,,
100027,612,263,205103,,,,,
100027,66418,,,,,,,
100027,115613,76692,,,,,,
100027,115472,203549,82167,,,,,
100027,19942,18786,32224,,,,,
100027,177578,27885,9832,,,,,
100027,3530,8433,551,,,,,
100027,28185,45601,84751,,,,,
100027,208684,22287,111256,,,,,
100027,207780,351,278,,,,,
100027,9133,1320,5466,,,,,
100027,43291,40029,218353,,,,,
100027,37727,175504,822,,,,,
100027,6111,123207,931,,,,,
100027,174609,14309,284,,,,,
100027,89963,9491,9021,,,,,
100027,4693,351,4897,,,,,
100027,4349,75302,638,,,,,
100027,157505,4404,166408,,,,,
100027,110788,436,3331,,,,,
100027,179477,138941,,,,,,
100027,77,14280,84671,,,,,
100027,3456,17735,145869,,,,,
100027,162627,224077,80182,,,,,
100027,57407,129060,58353,,,,,
100027,155468,112324,210498,,,,,
100027,23,3882,29995,,,,,
100027,3150,123332,44398,,,,,
100027,991,35,188,,,,,
100027,6641,94479,95503,,,,,
100027,150789,218692,729,,,,,
100027,119860,100,224782,,,,,
100027,12127,2793,13285,,,,,
100027,185887,51723,4314,,,,,
100027,39406,22842,1680,,,,,
100027,70545,143956,1040,,,,,
100027,130253,62994,77329,,,,,
100027,11960,42013,155120,,,,,
100027,160776,23,1271,,,,,
100027,40778,72584,13596,,,,,
100027,179087,105501,,,,,,
100027,162251,68972,113,,,,,
100027,216868,122407,12548,,,,,
100027,29891,171117,101,,,,,
100027,7087,35496,,,,,,
100027,206884,2693,179290,,,,,
100027,589,151197,89061,,,,,
100027,6984,223456,6582,,,,,
100027,3978,60139,219588,,,,,
100027,4931,136676,16448,,,,,
100027,137442,556,3074,,,,,
100027,180342,1405,1816,,,,,
100027,3,141268,34677,,,,,
100027,914,3505,4426,,,,,
100027,56782,11485,1009,,,,,
100027,58516,143520,21104,,,,,
100027,13629,21800,141876,,,,,
100027,1122,88,171097,,,,,
100027,128,109661,161005,,,,,
100027,533,28147,58770,,,,,
100404,18773,112960,16905,,,,,
100404,1347,74404,144558,,,,,
100404,49385,311,,,,,,
100404,13742,75279,48292,,,,,
100404,201338,1033,143,,,,,
100404,525,90475,1515,,,,,
100404,53543,131544,132924,,,,,
100404,5264,89197,5584,,,,,
100404,195798,260,4198,,,,,
100404,260,158468,4198,,,,,
100404,45785,161771,208922,,,,,
100404,54641,699,58913,,,,,
100404,118735,111621,10090,,,,,
100404,153711,67940,,,,,,
100404,46156,83497,127949,,,,,
100404,13285,4190,383,,,,,
100404,97457,217010,166555,,,,,
100404,549,32402,80,,,,,
100404,131785,171570,27855,,,,,
100404,57577,49724,96184,,,,,
100404,131015,143886,879,,,,,
100404,194695,111718,353,,,,,
100404,5899,40117,23185,,,,,
100404,10,5689,177,,,,,
100404,5264,5584,121418,,,,,
100404,19832,37389,167803,,,,,
100404,5899,40117,23185,,,,,
100404,2731,145798,205562,,,,,
100404,111937,1705,7194,,,,,
100404,48047,205025,699,,,,,
100404,2027,3549,448,,,,,
100404,2823,204231,2153,,,,,
100404,93862,19340,1003,,,,,
100404,37527,13955,6032,,,,,
100404,98464,15301,110379,,,,,
100404,899,8217,45601,,,,,
201243,122,8423,1320,,,,,
201243,6942,122,1773,,,,,
201243,122,40,120,,,,,
201243,130114,122683,26881,,,,,
201243,146224,282,,,,,,
201243,54614,9187,1238,,,,,
201243,8320,182824,195672,,,,,
201243,54631,912,14,,,,,
201243,1182,25,176584,,,,,
201243,1055,273,11950,,,,,
201243,167640,29953,125304,,,,,
201243,2741,20213,2866,,,,,
201243,122,8423,418,,,,,
201243,221218,67815,108313,,,,,
201243,1467,4504,47043,,,,,
201243,29517,4507,829,,,,,
201243,50611,45588,26966,,,,,
201243,45853,24551,125,,,,,
201243,1876,4048,219099,,,,,
201243,8336,158028,206261,,,,,
201243,19315,302,9085,,,,,
201243,3086,5221,193,,,,,
201243,120,8718,118508,,,,,
201243,18606,164,351,,,,,
201243,70343,21098,50109,,,,,
201243,50611,45588,26966,,,,,
201243,1110,1119,8830,,,,,
201243,19754,120721,34991,,,,,
201243,100675,47867,5328,,,,,
201243,11683,214598,195683,,,,,
100090,200267,141193,,,,,,
100090,181740,114970,,,,,,
100090,188707,32662,152822,,,,,
100090,7705,18381,29724,,,,,
100090,113621,179883,197278,,,,,
100090,55654,75295,16782,,,,,
100090,122612,9352,1942,,,,,
100090,53812,118964,45813,,,,,
100111,21676,10734,27588,,,,,
100111,194812,8695,32387,,,,,
100111,6287,12968,88342,,,,,
100111,172740,163569,75112,,,,,
100111,162077,4685,20022,,,,,
100111,71643,3946,1818,,,,,
100111,21676,10734,27588,,,,,
100111,22077,172578,35069,,,,,
100111,149993,873,58434,,,,,
100111,21676,45344,27910,,,,,
100111,6269,606,47923,,,,,
100111,172042,224527,217796,,,,,
100111,183613,13140,,,,,,
100111,678,3419,20060,,,,,
100111,3419,3848,138375,,,,,
100111,68157,23680,,,,,,
100111,7129,19407,321,,,,,
100111,120917,3451,21452,,,,,
100111,48,105336,28602,,,,,
100111,1910,104954,125916,,,,,
100111,51922,39447,1766,,,,,
100111,6269,606,47923,,,,,
100111,286,5488,155358,,,,,
100111,10542,2917,202,,,,,
100111,81802,18340,40,,,,,
100111,70706,51795,22905,,,,,
100111,54925,49640,171617,,,,,
100111,165419,376,27,,,,,
100111,170151,20521,20902,,,,,
100111,7923,2988,49261,,,,,
100111,34424,2636,160832,,,,,
100111,133691,32647,22905,,,,,
100111,86,853,44930,,,,,
100111,12478,1007,182,,,,,
100111,1365,14422,99524,,,,,
100111,17753,19233,55988,,,,,
100111,8538,63535,97323,,,,,
100111,818,149099,141709,,,,,
100111,10999,21719,13557,,,,,
100111,33250,25220,2422,,,,,
100111,151469,173235,2471,,,,,
100111,92412,,,,,,,
100111,202244,37214,164506,,,,,
100111,34879,6263,747,,,,,
100111,21676,45344,27910,,,,,
100112,356,505,198774,,,,,
100112,14461,7977,204165,,,,,
100112,209,17936,13778,,,,,
100112,47597,14263,527,,,,,
100112,147328,,,,,,,
100112,119416,167908,661,,,,,
100112,80041,157089,,,,,,
100112,189702,9142,146368,,,,,
100112,26841,29617,2231,,,,,
100112,194534,122952,105514,,,,,
100112,181385,6253,,,,,,
100112,52105,860,116395,,,,,
100112,174348,8563,186160,,,,,
100112,4963,2594,55334,,,,,
100112,199129,5054,1,,,,,
200654,119,2898,,,,,,
200654,3496,28543,,,,,,
200654,808,6720,23841,,,,,
200654,52650,1819,104238,,,,,
200654,1857,14370,661,,,,,
200654,51353,62610,70377,,,,,
200654,96629,14191,53030,,,,,
200654,1444,83571,68882,,,,,
200654,112830,231,2793,,,,,
200654,36581,32814,10322,,,,,
200654,4371,5723,30384,,,,,
200654,93150,793,908,,,,,
200654,3076,2334,1787,,,,,
200654,766,146709,197307,,,,,
200654,849,7404,146767,,,,,
200654,229171,11983,173735,,,,,
200654,191786,160702,,,,,,
200654,17680,187156,219257,,,,,
200654,162495,29,,,,,,
200654,38921,140843,,,,,,
200654,379,107545,29,,,,,
200654,188533,129693,,,,,,
200654,6166,110322,142550,,,,,
200654,8209,352,126313,,,,,
200654,121539,1564,67539,,,,,
200654,3076,2334,1787,,,,,
200654,3249,64440,,,,,,
200654,9089,222309,111902,,,,,
200654,190360,24609,195057,,,,,
200654,107948,1192,17238,,,,,
200654,8455,95853,21,,,,,
200654,1219,153675,28616,,,,,
200654,3971,13150,1738,,,,,
200654,15173,1638,136687,,,,,
200654,193368,182917,7674,,,,,
200654,57068,250,805,,,,,
200654,204,7102,116602,,,,,
200654,168798,3354,64,1528,,,,
200654,30,133810,114358,,,,,
200654,118519,217228,19565,,,,,
200654,1341,17816,104679,,,,,
200654,75881,8440,,,,,,
200654,8455,5489,21,104,,,,
200654,27305,170146,14368,,,,,
200654,33391,4509,56964,,,,,
200654,177127,13961,134845,,,,,
200654,6790,1936,213528,,,,,
200654,1355,178502,,,,,,
200654,7209,12568,204545,,,,,
200654,65803,114,14802,,,,,
200654,83274,179990,98252,,,,,
200654,161634,9750,20882,,,,,
200654,136966,20999,196680,,,,,
200654,137376,2718,,,,,,
200654,22167,44433,5091,,,,,
200654,60764,138,35584,,,,,
200654,210361,162199,111977,,,,,
200654,16144,206868,111899,,,,,
200654,97092,3026,8672,,,,,
200654,27305,30288,13338,,,,,
200654,3577,22085,1671,,,,,
200654,50327,21,53615,,,,,
200654,166364,118830,1,,,,,
200654,143644,,,,,,,
200654,4015,7472,163888,,,,,
200654,2905,6974,13744,,,,,
201016,119676,70902,198730,,,,,
201016,374,40119,22843,,,,,
201016,183,21878,3113,,,,,
201016,80087,163115,157,,,,,
201016,52761,178731,50873,,,,,
201016,175600,8608,13176,,,,,
201016,250,120587,1863,,,,,
201016,29002,64,194,,,,,
201016,80587,8681,,,,,,
201016,226941,6527,2422,,,,,
201016,551,595,12355,,,,,
201016,196781,171510,68381,,,,,
201016,50448,3302,219786,,,,,
201016,2214,29513,,,,,,
201016,186240,131755,11,,,,,
201016,127533,178321,17246,,,,,
201016,33719,2898,,,,,,
201016,22541,149674,,,,,,
201016,116477,196134,69276,,,,,
201016,205086,156,44612,,,,,
201016,2422,214078,165693,,,,,
201016,25385,8778,2012,,,,,
201016,130330,,,,,,,
201016,1456,146132,3366,,,,,
201016,167877,9792,5651,,,,,
201016,181,170,13652,,,,,
201016,134798,19822,10581,,,,,
201016,20704,30807,,,,,,
201016,94649,96062,31021,,,,,
201016,84755,169007,3541,,,,,
201016,195502,12016,3815,,,,,
201016,748,10,149160,343,,,,
201016,14,3303,197812,,,,,
201016,19877,225798,13410,,,,,
201016,8608,131148,24890,,,,,
201016,28,39,3029,,,,,
201016,122,23,224298,,,,,
201016,8093,3029,198314,,,,,
201016,5637,7855,101349,,,,,
201016,97,2004,133554,,,,,
201016,4660,4345,205708,,,,,
201016,3628,215951,,,,,,
201016,2045,192139,149811,,,,,
201016,60015,27750,28359,,,,,
201016,189320,87527,,,,,,
201016,2137,2308,13795,,,,,
201016,99995,111864,78069,,,,,
201016,46324,7360,3381,,,,,
201016,46140,7679,756,,,,,
201016,14559,111466,2131,,,,,
201016,66934,45225,264,,,,,
201016,3120,771,4690,,,,,
201016,70,1287,3120,,,,,
201016,172264,365,,,,,,
201016,158236,7,177980,,,,,
201016,23468,9277,175713,,,,,
201016,4564,20880,9076,,,,,
201016,3694,11572,101899,,,,,
201016,10009,1764,220093,,,,,
201016,188,15552,39,,,,,
201016,10440,2013,55248,,,,,
201016,86171,3263,99706,,,,,
201016,197243,2934,216760,,,,,
201016,200350,105210,128526,,,,,
201016,83722,156307,8984,,,,,
201016,80061,137735,18821,,,,,
201016,220236,89262,89469,,,,,
100073,16890,86789,,,,,,
100073,165696,1942,1927,,,,,
100073,130687,135971,,,,,,
100073,100235,39551,52295,,,,,
100073,51362,204205,128421,,,,,
100073,59253,33791,438,,,,,
100073,33066,343,82153,,,,,
100073,216,3904,184,,,,,
100073,29426,193842,45071,,,,,
100073,221490,31645,17771,,,,,
100073,3476,120,15705,,,,,
100073,21948,35705,225458,,,,,
100073,130059,156413,173585,,,,,
100073,58650,2598,19564,,,,,
100073,1356,56445,13536,,,,,
100073,220401,83400,1087,,,,,
100073,128588,2048,2334,,,,,
100073,69070,200524,139784,,,,,
100073,56206,651,10171,,,,,
100073,1410,136422,1,,,,,
100073,49965,1063,45768,,,,,
100296,203480,74880,78296,,,,,
100296,9536,723,17038,,,,,
100296,33364,6213,14388,,,,,
100296,23,6760,233,,,,,
100296,181742,114445,127887,,,,,
100296,80881,12467,62594,,,,,
100296,1091,35489,2004,,,,,
100296,206836,2017,54779,,,,,
100296,1011,67773,92,,,,,
100296,4264,9,25273,,,,,
100296,28695,196351,122417,,,,,
100296,574,5212,24332,,,,,
100296,6586,9888,28818,,,,,
100296,154595,167806,27406,,,,,
100296,100469,173595,74061,,,,,
100296,3375,152156,18419,,,,,
100296,5947,211,58551,,,,,
100296,489,22215,97690,,,,,
100296,5303,525,1279,,,,,
100296,115228,63994,,,,,,
100296,2583,69682,1212,,,,,
100296,103312,551,54522,,,,,
100296,18920,177334,47205,,,,,
100296,28463,914,80973,,,,,
100296,7236,36476,286,,,,,
100296,196300,6527,745,,,,,
100296,179405,5974,22248,,,,,
100296,13262,23633,208784,,,,,
100296,28575,56777,39607,,,,,
100296,39,7,615,,,,,
100296,2491,7,1790,,,,,
100296,95791,143149,110901,,,,,
100296,138733,699,3300,,,,,
100296,859,4832,181882,,,,,
100296,170452,212567,49291,,,,,
100296,164923,48468,84258,,,,,
100296,109387,46790,153671,,,,,
100296,183723,22900,1659,,,,,
100296,3813,102,84321,,,,,
100296,9643,749,,,,,,
100296,31143,63426,164959,,,,,
100296,69153,65484,113205,,,,,
100296,18363,28916,27,,,,,
100296,191269,22447,219471,,,,,
100296,605,1936,,,,,,
100296,671,145432,184215,,,,,
100296,32057,11663,52471,,,,,
100296,94579,6554,111412,,,,,
100296,226282,4045,15041,,,,,
100296,2905,1446,9353,,,,,
100296,134207,3416,738,,,,,
100296,150400,466,86836,,,,,
100296,31622,1636,341,,,,,
100296,59409,1177,3898,,,,,
100296,150181,6201,702,,,,,
100296,181386,122909,147865,,,,,
100296,186479,33874,413,,,,,
100296,927,10379,3181,,,,,
100296,1929,3827,605,,,,,
100296,6633,36565,132,,,,,
100296,225439,82115,851,,,,,
100296,216158,6093,,,,,,
100296,168595,,,,,,,
100296,163516,600,207007,,,,,
100296,17762,1684,,,,,,
100296,223823,172850,31650,,,,,
100296,28055,61,,,,,,
100296,381,38575,205218,,,,,
100296,58301,70317,52436,,,,,
100296,31270,14848,908,,,,,
100296,53714,176318,3675,,,,,
100296,1443,18765,198,,,,,
100296,5132,6,28,,,,,
100296,31622,16,6442,,,,,
100296,3439,43165,8574,,,,,
100296,209853,286,182761,,,,,
100296,15554,144562,32716,,,,,
100296,42298,228848,15669,,,,,
100296,149472,77,348,,,,,
100296,120624,132639,17173,,,,,
100296,76909,179440,10869,,,,,
100296,59496,127657,,,,,,
100296,2110,120266,40,,,,,
100296,156,206404,,,,,,
100296,22631,60244,212180,,,,,
100296,156223,14950,85335,,,,,
100296,4493,146067,5878,,,,,
100296,4493,16890,150872,,,,,
100296,121017,184072,61127,,,,,
100296,135178,13265,49141,,,,,
100296,135629,158097,3893,,,,,
100296,11473,213111,225932,,,,,
100296,197331,16914,56602,,,,,
100296,193896,131782,64914,,,,,
100296,19656,16414,19788,,,,,
100296,101347,173847,,,,,,
100296,87185,121819,123097,,,,,
100296,172614,182,54499,,,,,
100296,862,121,25,,,,,
100296,47091,16605,,,,,,
100296,27534,551,,,,,,
100296,95837,679,7091,,,,,
100296,111,993,1569,,,,,
100296,84949,5724,203907,,,,,
100296,881,45330,16890,,,,,
100296,222326,25,71,,,,,
100296,12226,92154,192086,,,,,
100296,108151,7643,205030,,,,,
100296,3380,174607,53124,,,,,
100296,356,50316,41754,,,,,
100296,1479,81092,95753,,,,,
100296,12979,73290,356,,,,,
100296,,,,,,,,
100296,6181,140,1100,,,,,
100296,9496,337,16432,,,,,
100296,561,20423,491,,,,,
100296,101,228875,192893,,,,,
100296,52511,511,529,,,,,
100296,769,525,54114,,,,,
100296,141715,1033,,,,,,
100296,112432,30432,,,,,,
100296,28575,56777,39607,,,,,
100296,7236,164832,836,,,,,
100296,186602,3635,,,,,,
100296,38554,22530,182,,,,,
100296,489,144862,201729,,,,,
100296,10,181398,104,,,,,
100296,304,2200,59424,,,,,
100296,58603,174967,173588,,,,,
100296,30569,17865,164596,,,,,
100296,23349,70514,28025,77828,,,,
100296,155399,176,1081,,,,,
100296,5280,95459,839,,,,,
100296,79365,20,,,,,,
100296,62237,3309,154240,,,,,
100296,33364,6213,14388,,,,,
100296,194381,4586,92609,,,,,
100296,231,69991,181806,,,,,
100296,226732,1287,405,,,,,
100296,5700,192332,9330,,,,,
100296,163622,95801,8686,,,,,
100296,216290,204389,33215,,,,,
100296,204265,174959,130276,,,,,
100296,10770,27800,116273,,,,,
100296,4588,6774,150279,,,,,
100296,60902,201600,12843,,,,,
100296,78951,181585,888,,,,,
100296,13286,1134,9833,,,,,
100296,17273,222502,740,,,,,
100296,60882,10524,,,,,,
100296,55049,,,,,,,
100296,13933,201615,8176,,,,,
100296,6220,7717,131,,,,,
100296,26751,220496,1773,,,,,
100296,122622,6828,147985,,,,,
100296,1115,6806,,,,,,
100296,134,185337,6295,,,,,
100296,26239,110742,164780,,,,,
100296,213535,159192,,,,,,
100296,161,41891,139199,,,,,
100296,16722,58723,214323,,,,,
100296,31,2570,846,,,,,
100296,117476,,,,,,,
100296,66207,188605,4961,,,,,
100296,144048,145797,71081,,,,,
100296,12521,647,22503,,,,,
100044,203144,22648,61,,,,,
100044,26996,1753,539,,,,,
100044,13734,114200,146381,,,,,
100044,11035,25300,809,,,,,
100044,191114,426,80,,,,,
100044,214623,47619,,,,,,
100044,168384,15449,55205,,,,,
100044,150513,181531,98817,,,,,
100044,2060,5169,531,,,,,
100044,109227,178769,59,,,,,
100044,5707,467,16,,,,,
100044,78134,94440,5663,,,,,
100044,219814,111,6224,,,,,
100044,145332,1976,166,,,,,
100044,120964,6177,28563,,,,,
100044,11961,21996,357,,,,,
100044,98704,400,31,,,,,
100044,151346,155440,192619,,,,,
100044,70294,129768,146947,,,,,
100044,4714,100,5445,,,,,
100044,513,162885,,,,,,
100044,177606,198226,9816,,,,,
100044,791,135137,719,,,,,
100044,32600,167090,383,,,,,
100044,82410,13542,11472,,,,,
100044,123341,166755,71616,,,,,
100044,513,260,59432,,,,,
100044,4453,4705,2401,,,,,
100044,5169,48454,9521,,,,,
100044,96020,111757,40832,,,,,
100044,155679,10720,10105,,,,,
100044,158965,12263,161,,,,,
201180,12088,9531,190881,,,,,
201180,9817,1731,12648,,,,,
201180,403,101,227238,,,,,
201180,95056,81444,1613,,,,,
201180,11676,11170,66404,,,,,
201180,210769,68687,116966,,,,,
201180,70231,362,987,,,,,
201180,138954,210344,106572,,,,,
201180,5472,209011,189288,,,,,
201180,31602,8858,19422,,,,,
201180,2419,13100,3349,,,,,
201180,46857,39134,,,,,,
201180,56537,6348,179499,,,,,
100114,13005,491,6656,,,,,
100114,110227,16155,6047,,,,,
100114,30,4543,219509,,,,,
100114,216755,135400,,,,,,
100114,22551,129319,5463,,,,,
100114,75001,,,,,,,
100114,1021,2227,53240,,,,,
100114,22609,176093,183225,,,,,
100114,111820,202722,79180,,,,,
100114,197438,16088,1,,,,,
100114,7844,128,606,,,,,
100114,21503,39430,1464,,,,,
100114,30,17916,191300,,,,,
100114,4583,197920,138439,,,,,
100114,92939,36656,101,,,,,
100114,2625,1078,72218,,,,,
100114,177271,22292,777,,,,,
100114,100098,287,85,,,,,
100114,89988,210492,8769,,,,,
100114,3523,124915,151956,,,,,
100114,23554,15203,802,,,,,
100114,155879,3543,2625,,,,,
100114,152972,598,1,,,,,
100114,117636,25647,80,,,,,
100114,2274,29100,80288,,,,,
100114,5244,118107,,,,,,
100114,172200,136878,181310,,,,,
100114,10558,126134,760,,,,,
100114,67189,467,115298,,,,,
100114,86169,132410,19744,,,,,
100114,533,14695,6759,,,,,
100114,465,8140,278,,,,,
100114,4047,5690,9096,,,,,
100114,465,8140,278,,,,,
100114,1927,49953,3472,,,,,
100114,13933,5930,49982,,,,,
100114,111911,149643,5057,,,,,
100114,31355,134402,17893,,,,,
100070,4739,40347,9316,,,,,
100070,63668,127978,1953,,,,,
100070,203394,96021,490,,,,,
100070,2413,76257,10267,,,,,
100070,32085,185732,151932,,,,,
100070,92795,1783,490,,,,,
100070,2092,64,3122,,,,,
100070,195168,378,56643,,,,,
100070,29233,21597,175464,,,,,
100070,223574,50323,35267,,,,,
100070,200951,1868,4676,,,,,
100070,75031,100029,3647,,,,,
100070,12840,46893,40,,,,,
100070,94977,148659,189076,,,,,
100070,80363,93003,1,,,,,
100070,18320,167,,,,,,
100070,150646,22351,169866,,,,,
100070,201387,208534,,,,,,
100070,29265,54926,3960,,,,,
100070,182063,1616,61848,,,,,
100070,1479,99277,1437,,,,,
100113,27003,89150,56176,,,,,
100113,186334,120730,5678,,,,,
100113,28238,129263,51173,,,,,
100113,117739,78046,,,,,,
100113,193766,12861,15209,,,,,
100113,183002,227801,,,,,,
100113,7433,190435,,,,,,
100113,68139,149410,143182,,,,,
100113,166,3,56253,,,,,
100113,5393,173576,109005,,,,,
100113,6513,134042,,,,,,
100113,15797,6575,659,,,,,
100113,3696,154018,899,,,,,
100113,601,217892,15967,,,,,
100113,127578,6897,,,,,,
100113,9,1275,222219,,,,,
100113,232,56946,28637,,,,,
100113,121271,203963,21499,,,,,
100113,9783,43457,239,,,,,
100113,41237,1744,1410,,,,,
100113,132881,1228,140167,,,,,
100113,82,1208,80,,,,,
100113,11951,7395,4038,,,,,
100113,5603,1701,7500,,,,,
100113,93858,161573,,,,,,
100113,110650,133364,96162,,,,,
100113,119971,40,89031,,,,,
100113,182,163675,210506,,,,,
100113,7325,8696,59304,,,,,
100113,3266,121,202993,,,,,
100113,37801,209509,,,,,,
100113,20205,1399,106283,,,,,
100113,810,3265,,,,,,
100113,106124,2334,,,,,,
100113,53646,1316,2883,,,,,
100113,5059,20576,58699,,,,,
100113,207481,88255,14671,,,,,
100113,9849,40,24852,,,,,
100113,128082,1752,34659,,,,,
100113,51204,32231,794,,,,,
100113,67,59858,25,,,,,
100113,177591,82878,21774,,,,,
100113,228905,65954,165068,,,,,
100113,14698,3417,182884,,,,,
100113,220224,217411,6285,,,,,
100113,19383,218508,98381,,,,,
100113,170803,9029,11642,,,,,
100113,74795,2473,8798,,,,,
100113,84767,552,9158,,,,,
100113,69929,5472,213,,,,,
100113,56226,17546,51025,,,,,
100113,4484,23260,55085,,,,,
100113,31286,1192,250,,,,,
100113,67059,7075,51566,,,,,
100113,142641,16751,57349,,,,,
100113,163286,18109,383,,,,,
100113,57,84705,3,,,,,
100113,72999,627,14,,,,,
100113,167800,109968,,,,,,
100113,179090,184566,7662,,,,,
100113,10125,103976,154570,,,,,
100113,53531,169099,,,,,,
100113,5059,20576,58699,,,,,
100113,665,9027,804,,,,,
100113,36225,13283,3609,,,,,
100113,4601,2633,985,,,,,
100113,27461,2380,1152,,,,,
100113,51916,105537,,,,,,
201149,152164,1894,121882,,,,,
201149,225898,141828,178223,,,,,
201149,1525,8140,383,,,,,
201149,125134,154387,57740,,,,,
201149,22435,13742,3289,,,,,
201149,18700,2631,1,,,,,
201149,83233,2430,1937,,,,,
201149,1122,14866,4972,,,,,
201149,59756,174235,126252,,,,,
201149,17881,109770,18689,,,,,
201149,45,228512,2542,,,,,
201149,178717,32533,13843,,,,,
201149,163889,186196,10093,,,,,
201149,1721,2423,7404,,,,,
201149,27983,116791,29,,,,,
201149,199865,181750,372,,,,,
201149,75208,160632,457,,,,,
201149,899,28012,229805,,,,,
201149,1639,7644,3776,,,,,
201149,32125,50541,1764,,,,,
201149,17923,76,22670,,,,,
201149,201800,152851,204754,,,,,
201149,209979,87844,148105,,,,,
201149,87836,58904,63790,,,,,
201149,20952,195650,87946,,,,,
201149,10616,293,7490,,,,,
201149,15458,16,14029,,,,,
201149,48193,23006,46972,,,,,
201149,13083,9699,198001,,,,,
201149,126,55565,53173,,,,,
201149,12372,21392,147961,,,,,
201149,162455,343,131007,,,,,
201149,68191,77878,121415,,,,,
201149,7844,2068,60409,,,,,
201149,7530,219079,25697,,,,,
100391,216618,57363,94962,,,,,
100391,175407,47514,166486,,,,,
100391,178293,7983,11608,,,,,
100391,23536,58165,147437,,,,,
100391,224554,156086,12465,,,,,
100391,225972,4281,394,,,,,
100391,99172,158309,169055,,,,,
100391,1443,60,11746,,,,,
100391,219201,4894,59635,,,,,
100391,5224,27748,10097,,,,,
100391,195408,192342,,,,,,
100391,2420,24545,192955,,,,,
100391,13742,101,37014,,,,,
100391,172390,133073,2527,,,,,
100391,70613,196128,,,,,,
100391,70855,104391,5897,,,,,
100391,182,881,1883,,,,,
100391,1725,229393,204,,,,,
100391,7432,9171,88170,,,,,
100391,2149,221289,219519,,,,,
100391,6160,3404,41930,,,,,
100391,158435,3733,9641,,,,,
100391,30,203871,11325,,,,,
100391,123756,370,188407,,,,,
100391,4746,1405,260,,,,,
100391,1503,120980,2823,,,,,
100391,42863,12235,37474,,,,,
100391,150109,93231,,,,,,
100391,80954,64882,,,,,,
100391,145472,7255,8820,,,,,
100391,14010,8936,141637,,,,,
100391,14407,1446,9353,,,,,
100391,6270,207472,1906,,,,,
100391,222380,6367,6242,,,,,
100391,155009,9088,,,,,,
100391,47748,66904,147227,,,,,
100391,80966,144560,1286,,,,,
100391,67066,148958,198801,,,,,
100391,81734,72163,698,,,,,
100391,60,187274,7209,,,,,
100391,455,44484,129814,,,,,
100391,121806,6424,51645,,,,,
100391,104,10,16890,,,,,
100391,189277,34619,108425,,,,,
100391,126006,156851,136710,,,,,
100391,24853,7321,23986,,,,,
100391,182,59801,194865,,,,,
100391,8456,27748,10097,,,,,
100391,16414,8089,151449,,,,,
100391,1788,9534,9132,,,,,
100391,18696,106633,,,,,,
100391,95579,,,,,,,
100391,1445,,,,,,,
100391,159518,103209,158005,,,,,
100391,28964,216362,771,,,,,
100391,379,28555,6202,,,,,
100391,18931,60161,28112,,,,,
100391,7247,657,183347,,,,,
100391,27854,1738,2947,,,,,
100391,96183,326,1627,,,,,
100391,143393,,,,,,,
100391,24706,21,13771,,,,,
100391,6350,95849,,,,,,
100391,25647,3661,122408,,,,,
100391,173582,59690,135912,,,,,
100391,5800,2074,,,,,,
100391,27854,1738,2947,,,,,
100391,228645,209829,,,,,,
100391,148028,154883,,,,,,
100391,185281,3789,258,,,,,
100391,41554,4187,,,,,,
100391,75369,29768,189790,,,,,
100330,60581,5384,22444,,,,,
100330,125325,1818,2401,,,,,
100330,18392,196052,24,,,,,
100330,73954,54200,191759,,,,,
100330,23648,2084,33228,,,,,
100330,173503,17273,,,,,,
100330,155307,6282,,,,,,
100330,8934,220985,6728,,,,,
100330,41299,3463,17439,,,,,
100330,12348,48040,38378,,,,,
100330,6790,119896,46958,,,,,
100330,214151,180317,96211,,,,,
100330,144580,24138,134661,,,,,
100330,178990,748,,,,,,
100330,7845,3134,1117,,,,,
100330,11408,161175,223227,,,,,
100330,10511,98898,,,,,,
100330,264,4971,21,,,,,
100330,229,101880,101,,,,,
100330,16723,105137,1444,,,,,
100330,182,3937,129,,,,,
100330,6144,153157,9,,,,,
100330,379,804,2913,,,,,
100330,222420,179852,6254,,,,,
100330,195841,76928,199012,,,,,
100330,36556,39,139164,,,,,
100330,357,63870,49991,,,,,
100330,31665,72172,31,,,,,
100330,60671,64564,57808,,,,,
100330,72378,182,3791,,,,,
100330,78747,10670,118611,,,,,
100330,11408,71844,171545,,,,,
100330,82096,138491,16909,,,,,
100330,1903,3965,150034,,,,,
100330,80008,223605,2718,,,,,
100330,142111,6893,28444,,,,,
100330,124851,14607,8925,,,,,
100330,68835,,,,,,,
100330,115148,11477,3825,,,,,
100330,8288,188189,67570,,,,,
100330,34218,23018,142779,,,,,
100330,310,6884,2891,,,,,
100330,8505,977,240,,,,,
100330,173883,42810,143116,,,,,
100330,145450,840,122424,,,,,
100330,6657,427,,,,,,
100330,222980,17064,977,,,,,
100330,3527,15517,24,,,,,
100330,175513,455,76939,,,,,
100461,626,869,6715,,,,,
100461,34975,176869,,,,,,
100461,2433,207461,68073,,,,,
100461,3437,191035,5621,,,,,
100461,4660,107427,26126,,,,,
100461,30015,1936,200486,,,,,
100461,2963,187984,129,,,,,
100461,101840,3890,,,,,,
100461,217,7280,16,,,,,
100461,14857,42384,14362,,,,,
100461,181449,132948,211448,,,,,
100461,72319,82630,12906,,,,,
100461,81506,25585,4173,,,,,
100461,2556,182,144423,,,,,
100461,200445,165392,1861,,,,,
100461,203990,282,424,,,,,
100461,145180,14431,96293,,,,,
100461,228876,2564,43791,,,,,
100461,1167,52396,52251,,,,,
100461,53140,175811,11801,,,,,
100461,147534,57904,227384,,,,,
100461,29411,27401,2750,,,,,
100461,33038,216232,165565,,,,,
100461,179451,159130,56510,,,,,
100461,75575,224548,6736,,,,,
100461,205601,57241,104,,,,,
100461,8661,15801,98192,,,,,
100461,2899,1686,1440,,,,,
100461,1167,52396,52251,,,,,
100461,116597,181755,24379,,,,,
100461,3034,13309,5922,,,,,
100461,6815,5282,91533,,,,,
100461,146041,225863,149687,,,,,
100461,16824,456,2061,,,,,
100461,75370,101,28045,,,,,
100461,14460,466,3496,,,,,
100461,22219,164345,,,,,,
100461,5325,970,4564,,,,,
100461,226025,89779,76800,,,,,
100461,191,14516,10282,,,,,
100461,223123,2192,4752,,,,,
100461,107777,23323,28514,,,,,
100461,140,3956,,,,,,
100461,1288,203042,6759,,,,,
100453,103984,149481,,,,,,
100453,40726,135151,429,,,,,
100453,166337,2996,163446,,,,,
100453,2215,137155,128459,,,,,
100453,20490,3947,2672,,,,,
100453,186358,156531,85,,,,,
100453,13008,2456,351,,,,,
100453,8012,124532,1062,,,,,
100453,766,10601,76,,,,,
100453,744,156279,155900,,,,,
100453,32393,14497,149,,,,,
100453,224329,218959,27851,,,,,
100453,177134,97459,114926,,,,,
100453,129921,80412,148047,,,,,
100453,30250,27292,31056,,,,,
100453,10152,17319,10,,,,,
100453,186471,3223,107222,,,,,
100453,130178,118037,69684,,,,,
100453,621,452,13805,,,,,
100453,106611,73678,180840,,,,,
100453,21035,169128,169537,,,,,
100453,826,6697,206904,,,,,
100453,122603,49278,2862,,,,,
100453,129950,22333,,,,,,
100453,51151,191889,224404,,,,,
100453,141317,90211,,,,,,
100453,314,70,16165,,,,,
100453,35883,33381,6807,,,,,
100453,140812,149471,266,,,,,
100453,196242,5652,985,,,,,
100453,59099,1124,5089,,,,,
100453,131119,140945,16801,,,,,
100453,4296,9252,28146,,,,,
100453,18,11125,40,,,,,
100453,4307,120174,2835,,,,,
100453,47752,523,225182,,,,,
100453,138972,176196,139318,,,,,
100453,22082,150614,,,,,,
100453,4330,156,,,,,,
100453,96638,10189,4330,,,,,
100453,98905,116594,224677,,,,,
100453,940,13320,30935,,,,,
100453,57776,1788,12567,,,,,
100453,4493,22007,16890,,,,,
100453,16594,8380,2013,,,,,
100453,60133,265,127439,,,,,
100453,4757,8525,,,,,,
100453,429,1479,114864,,,,,
100453,30250,27292,31056,,,,,
100453,30250,27292,31056,,,,,
100453,205320,6904,,,,,,
100453,971,64,134334,,,,,
100453,156926,94236,,,,,,
100453,136,138817,97989,,,,,
100453,70,16165,27581,,,,,
100453,21094,137,1823,,,,,
100453,64886,5167,,,,,,
100453,25563,368,183499,,,,,
100453,179039,139213,,,,,,
100453,6123,371,11425,,,,,
100453,18757,208600,15230,,,,,
100453,5260,134293,41693,,,,,
100453,86690,68,,,,,,
100453,698,100921,227832,,,,,
100453,22652,22628,17751,,,,,
100453,429,7312,5078,,,,,
100453,25425,41251,1978,,,,,
100453,76,766,9754,,,,,
100453,10913,7644,12771,,,,,
100453,3489,3921,42988,,,,,
200625,95243,203184,103727,,,,,
200625,182871,39786,141491,,,,,
200625,425,7158,699,,,,,
200625,119597,173670,60092,,,,,
200625,2588,88,128,,,,,
200625,146050,26800,2192,,,,,
200625,7143,77661,12215,,,,,
200625,52602,70376,102,,,,,
200625,79915,217221,204292,,,,,
200625,22448,225144,958,,,,,
200625,19784,53708,688,,,,,
200625,92782,50335,3221,,,,,
200625,3797,7732,802,,,,,
200625,2041,50,345,,,,,
200625,224478,107186,51497,,,,,
200625,155945,1865,383,,,,,
200625,1482,26982,71033,,,,,
200625,123887,1443,32395,,,,,
200625,5407,741,27630,,,,,
200625,2794,84320,215795,,,,,
200625,127792,140845,170115,,,,,
200625,210483,11415,,,,,,
200625,130551,78318,296,,,,,
200625,146526,8672,17470,,,,,
200625,135505,917,83070,,,,,
200625,151573,133975,5715,,,,,
200625,86214,28515,4406,,,,,
200625,59916,218179,119113,,,,,
200625,100956,101061,23347,,,,,
200625,3720,1915,3282,,,,,
200625,87057,26020,26252,,,,,
200625,31330,3346,135276,,,,,
100057,108551,24835,5506,,,,,
100057,8118,85718,112869,,,,,
100057,738,2097,9857,,,,,
100057,41317,7956,1295,,,,,
100057,64159,196183,105111,,,,,
100057,16557,11301,7238,,,,,
100057,7920,9,4725,,,,,
100057,136,16895,726,,,,,
100057,1080,10106,24129,,,,,
100057,144535,123770,192540,,,,,
100057,128256,225082,140216,,,,,
100057,94668,32911,145555,,,,,
100057,200036,146736,,,,,,
100057,15801,100456,52661,,,,,
100057,200901,9212,37049,,,,,
100057,11408,156,6264,,,,,
100057,6228,59708,105461,,,,,
100057,94840,987,30,,,,,
100057,124454,177428,221558,,,,,
100057,172936,112538,77503,,,,,
100057,137314,6399,1031,,,,,
100057,212370,166297,42136,,,,,
100057,14844,83168,229172,,,,,
100057,90042,69885,197619,,,,,
100057,1352,32519,278,,,,,
100057,4894,204148,70588,,,,,
100057,187326,101,351,,,,,
100181,48493,18348,45,,,,,
100181,95113,163117,52415,,,,,
100181,196539,31189,125297,,,,,
100181,115,195705,19411,,,,,
100181,146497,130343,39868,,,,,
100181,41302,9591,1546,,,,,
100181,97249,67587,2013,,,,,
100181,70,12933,1533,,,,,
100181,207,14263,102,,,,,
100181,114395,199,141039,,,,,
100181,201060,174206,511,,,,,
100181,207817,141563,154793,,,,,
100181,123378,136032,116163,,,,,
100181,38753,102,3091,,,,,
100181,223393,787,109724,69865,1320,,,
100181,173153,107,229,,,,,
100181,160221,41095,424,,,,,
100181,47,55054,170924,,,,,
100181,2131,16424,13925,,,,,
100181,160522,101,2079,,,,,
100181,14787,2841,123303,,,,,
100181,55384,11657,21354,,,,,
100181,25663,179,1655,,,,,
100181,21544,11591,38320,,,,,
100181,7497,69052,27194,,,,,
100181,286,2781,3029,,,,,
100181,125326,4320,179577,,,,,
100181,221786,7928,400,,,,,
100181,14994,134124,9995,,,,,
100181,19878,16325,182879,,,,,
100181,12490,3177,9,,,,,
100181,2982,49355,348,,,,,
100181,78212,14149,91626,,,,,
100181,14456,144946,206396,,,,,
100181,70,21544,1057,,,,,
100181,4499,92944,21584,,,,,
100181,120059,48078,81178,,,,,
100181,115310,9245,706,,,,,
100181,115,59586,93044,,,,,
100181,1142,1738,1613,,,,,
100181,908,28145,44102,,,,,
100181,1611,146435,7996,,,,,
100181,145449,98585,113048,,,,,
100181,40316,97562,163012,,,,,
100181,37444,185492,6837,,,,,
100181,124369,225598,117864,,,,,
100181,3959,23533,484,,,,,
100181,185340,65568,72432,,,,,
100181,26702,92092,6375,,,,,
100181,114418,10077,4509,,,,,
100181,40038,192,82293,,,,,
100181,706,2725,185436,,,,,
100181,147205,45984,42621,,,,,
100181,18785,216,977,,,,,
100181,156582,4049,,,,,,
100181,15744,161,107847,,,,,
100181,176387,223369,8545,,,,,
100181,2982,49355,348,,,,,
100181,228910,120538,451,,,,,
100181,112305,94990,,,,,,
100181,33896,14823,59634,,,,,
100181,127378,20848,,,,,,
100181,76,2984,63200,,,,,
100181,74121,389,117558,,,,,
100181,84165,29087,4337,,,,,
100181,158759,83124,187542,,,,,
100181,725,1263,183987,,,,,
100181,1452,1551,809,,,,,
100181,153726,161794,31,,,,,
100181,12713,107190,14,,,,,
100181,121932,140833,78450,,,,,
100181,17957,2239,15208,,,,,
100181,192117,13531,2942,,,,,
100181,1103,40647,7319,,,,,
100181,130571,121437,3613,,,,,
100181,79528,72344,19027,,,,,
100181,17414,4029,79646,,,,,
100181,2027,405,293,,,,,
100181,9262,151,2436,,,,,
100181,80163,157,4660,,,,,
100181,82702,206668,22987,,,,,
100181,106547,190453,2311,,,,,
100181,45573,20252,6772,,,,,
100181,91951,22440,166141,,,,,
100181,163634,172941,67921,,,,,
100181,130469,14,171799,,,,,
100181,132301,217049,225004,,,,,
100181,10776,174760,2665,,,,,
100181,1076,87525,90190,,,,,
201361,54011,,,,,,,
201361,171,25,47445,,,,,
201361,176147,40409,,,,,,
201361,78566,10890,,,,,,
201361,137319,601,24242,,,,,
201361,209721,9640,110160,,,,,
201361,225042,,,,,,,
201361,60729,197320,143168,,,,,
201361,43094,52,,,,,,
201361,214302,209205,143114,,,,,
201361,70762,,,,,,,
201361,120,,,,,,,
201361,9754,76,4206,,,,,
201361,19705,223807,5437,,,,,
201361,13856,185751,51576,,,,,
201361,30432,31,2595,,,,,
201361,38555,132446,,,,,,
201361,225008,166322,,,,,,
201361,3765,180286,53210,,,,,
201361,2144,2961,,,,,,
201361,173741,174782,174753,,,,,
201361,154166,227409,,,,,,
201361,22938,171755,67619,,,,,
201361,19104,36099,53386,,,,,
201361,832,40050,59753,,,,,
201361,7899,1142,67221,,,,,
201361,4660,220813,,,,,,
201361,130339,,,,,,,
201361,4062,795,12373,,,,,
201361,44032,1697,,,,,,
201361,216117,122932,,,,,,
201361,11102,33260,175020,,,,,
201361,984,53929,3102,,,,,
201361,86356,444,168161,,,,,
201361,1055,518,39308,,,,,
201361,51259,64,529,,,,,
201361,16149,14420,24802,,,,,
201361,23,78610,14201,,,,,
201361,7288,1430,8305,,,,,
201361,2000,721,76137,,,,,
201361,6305,34064,376,,,,,
201361,187648,187642,1228,,,,,
201361,2928,17574,196982,,,,,
201361,174328,191098,68894,,,,,
201361,116220,1626,54791,,,,,
201361,2110,144676,,,,,,
201361,19502,1452,527,,,,,
201361,224883,,,,,,,
201361,203248,5303,147310,,,,,
201361,1256,26102,142644,,,,,
201361,8318,15689,,,,,,
201361,4792,18884,155589,,,,,
201361,113075,109361,55375,,,,,
201361,120474,192983,138670,,,,,
201361,6250,106340,100,,,,,
201361,56977,160880,,,,,,
201361,120,680,,,,,,
201361,4062,795,12373,,,,,
201361,29290,12905,,,,,,
201361,133395,15,5601,,,,,
201361,26342,5407,13843,,,,,
201361,53447,1806,217558,,,,,
201361,211951,117979,99815,,,,,
201361,18014,14,34245,,,,,
201361,5525,4010,61442,,,,,
201361,92984,193352,,,,,,
201361,134785,2811,,,,,,
201361,4878,42914,32944,,,,,
201361,44378,16503,134889,,,,,
201361,178804,16074,3102,,,,,
201361,1665,1467,193452,,,,,
201361,188658,1320,194,,,,,
201361,216543,67977,1876,,,,,
201361,51259,64,529,,,,,
201361,3026,196139,200765,,,,,
201361,4434,203616,191892,,,,,
201361,189060,,,,,,,
201361,11129,741,130127,,,,,
201361,192708,130958,87955,,,,,
201361,40235,120,,,,,,
201361,71053,191685,222884,,,,,
201361,36893,31,97417,,,,,
201361,19435,17446,57257,,,,,
201361,196890,53371,128649,,,,,
201361,168,26334,,,,,,
201361,168,115178,,,,,,
201361,2789,62262,,,,,,
201361,205733,109788,229394,,,,,
201361,218169,13102,772,,,,,
201361,38330,80736,12556,,,,,
201361,69312,166251,210319,,,,,
201361,120,680,,,,,,
201361,1385,595,1802,,,,,
201361,155434,158926,,,,,,
201361,983,1584,28826,,,,,
201361,924,162685,15244,,,,,
201361,219619,12336,25312,,,,,
201361,6601,50615,44866,,,,,
201361,47140,11902,17524,,,,,
201361,153317,30358,150028,,,,,
201361,73301,86572,25,,,,,
201361,1989,4508,,,,,,
201361,52421,24014,,,,,,
201361,217198,103925,131590,,,,,
201361,143425,85061,17138,,,,,
201393,107758,171484,,,,,,
201393,183337,1646,171411,,,,,
201393,116564,215180,212739,,,,,
201393,83379,214021,181579,,,,,
201393,52914,18674,102369,,,,,
201393,13776,223182,1,,,,,
201393,75654,17402,972,,,,,
201393,52086,11182,22165,,,,,
201393,174105,28121,5506,,,,,
201393,33219,80407,211769,,,,,
201393,20678,3616,151764,,,,,
201393,1546,217807,5335,,,,,
201393,15347,101475,176560,,,,,
201393,22448,4752,171257,,,,,
201393,7114,50307,35003,,,,,
201393,35354,59339,6268,,,,,
201393,353,8859,27494,,,,,
201393,163449,4892,6951,,,,,
201393,31184,54774,626,88727,,,,
201393,4034,49581,268,,,,,
201393,124180,6615,13864,,,,,
201393,54798,47939,146135,,,,,
201393,204095,6163,157997,,,,,
201393,11190,42760,160387,,,,,
201393,35354,59339,6268,,,,,
201393,190986,112583,106453,,,,,
201393,226,8859,661,,,,,
201393,17877,104955,7098,,,,,
201393,224046,42760,12818,,,,,
201393,177256,65680,1037,61298,,,,
201393,160,17307,64017,250,,,,
201393,210745,12429,114981,,,,,
201393,699,10407,29141,,,,,
201393,14782,112,206081,,,,,
201393,61298,142863,1,,,,,
201393,91920,69167,216954,,,,,
201393,31184,81730,34040,,,,,
201393,7867,221378,8180,,,,,
201393,220816,58199,,,,,,
201393,214673,76511,39683,,,,,
201393,7114,50307,35003,,,,,
201393,5506,5956,2729,,,,,
201393,139941,20482,,,,,,
100241,171690,195491,160378,,,,,
100241,47092,21232,738,,,,,
100241,80562,3278,147753,,,,,
100241,36085,43633,16608,,,,,
100241,591,88035,149729,,,,,
100241,153211,7292,125914,,,,,
100241,6406,211059,11820,,,,,
100241,75237,137,53,,,,,
100241,611,143,138634,,,,,
100241,4608,150754,,,,,,
100241,70735,90541,1927,,,,,
100241,187965,52658,105973,,,,,
100241,4389,151994,8408,,,,,
100241,166925,4810,210348,,,,,
100241,197458,175051,102009,,,,,
100241,218380,32327,150756,,,,,
100241,154959,197752,155,,,,,
100241,147607,6622,66046,,,,,
100241,85084,144631,216716,,,,,
100241,14541,99436,18332,,,,,
100241,29940,4403,17610,,,,,
100241,159830,185168,4349,,,,,
100241,27247,94833,2657,,,,,
100241,741,9212,,,,,,
100241,543,88922,43721,,,,,
100241,1723,171383,,,,,,
100241,55060,170564,,,,,,
100241,166583,9,4885,,,,,
100241,87594,82650,,,,,,
100241,206661,42319,70163,,,,,
100241,62921,27289,167740,,,,,
100241,78927,,,,,,,
100241,2221,176995,3067,,,,,
100241,1232,229,1691,,,,,
100241,135725,87461,2105,,,,,
100241,5189,201952,159729,,,,,
100241,3262,70226,5505,,,,,
100241,161526,1206,17152,,,,,
100241,71304,171137,151280,,,,,
100241,44828,49595,,,,,,
100241,113390,215950,,,,,,
100241,171882,95945,2891,,,,,
100241,94533,126,72,,,,,
100241,12501,5977,122298,,,,,
100241,755,45,32364,,,,,
100241,42701,182373,2891,,,,,
100241,599,97217,103225,,,,,
100241,126577,8578,5738,,,,,
100241,1145,1015,528,,,,,
100241,3038,115386,101032,,,,,
201214,1128,135560,466,,,,,
201214,84330,236,748,,,,,
201214,14134,1215,112,,,,,
201214,154272,219012,1081,,,,,
201214,9437,37455,140973,,,,,
201214,4680,11987,137924,,,,,
201214,444,2668,50899,,,,,
201214,2525,217435,11921,,,,,
201214,55991,161532,12047,,,,,
201214,190123,769,95118,,,,,
201214,40444,20706,338,,,,,
201214,33243,20489,174781,,,,,
201214,141545,207872,154952,,,,,
201214,36154,62918,2731,,,,,
201214,908,9641,33402,,,,,
201214,218253,183973,140348,,,,,
201214,216208,73769,34143,,,,,
201214,67634,,,,,,,
201214,7146,395,19628,,,,,
201214,821,15227,,,,,,
201214,190459,560,18211,,,,,
201214,821,9060,12459,,,,,
201214,103715,176345,,,,,,
201214,1128,466,2247,,,,,
201214,8593,95277,2285,,,,,
201214,153202,197591,39870,,,,,
201214,489,741,6292,,,,,
201214,46739,23390,1097,,,,,
201214,3364,3388,110930,,,,,
201214,73674,1928,,,,,,
201214,1100,2144,48347,,,,,
201214,98314,110397,246,,,,,
201214,85649,,,,,,,
201214,40352,6166,46920,,,,,
201214,135173,415,291,,,,,
201214,31332,22365,4913,,,,,
201214,158559,342,119793,,,,,
201214,37132,108467,122525,,,,,
400018,33774,12414,23387,,,,,
400018,8174,17656,18373,,,,,
400018,5156,108616,66251,,,,,
400018,227723,47327,135462,,,,,
400018,217224,131064,136771,,,,,
400018,146677,63817,284,,,,,
400018,42757,119324,,,,,,
400018,228184,64228,126562,,,,,
400018,62879,345,1,,,,,
400018,23079,27446,311,,,,,
400018,756,,,,,,,
400018,4449,331,156758,,,,,
400018,136539,40549,,,,,,
400018,36466,218812,155296,,,,,
400018,125565,1874,19610,,,,,
400018,125315,29,11564,,,,,
400018,13195,11960,17165,,,,,
400018,6233,21379,1473,43851,5480,,,
400018,72029,93180,56067,,,,,
400018,84525,,,,,,,
400018,8508,40444,250,,,,,
400018,10325,18381,,,,,,
400018,4506,1942,169082,,,,,
400018,3234,31518,76109,,,,,
400018,47278,23930,,,,,,
400018,119715,178501,225196,,,,,
400018,6233,192890,1574,,,,,
400018,63,32178,100,,,,,
400018,40338,22256,,,,,,
400018,3594,185900,227422,,,,,
400018,35931,6275,34177,,,,,
400018,2471,15971,7525,,,,,
400018,15870,17289,3740,,,,,
400018,179549,207550,,,,,,
400018,155281,14622,3164,,,,,
400018,33868,198674,13663,,,,,
400018,179804,3451,3019,,,,,
400018,8942,489,1621,,,,,
400018,1436,82,76824,,,,,
400018,48,49061,4028,,,,,
400018,27654,192,21304,,,,,
400018,6071,164256,,,,,,
400018,154912,5264,29806,,,,,
400018,214671,5738,2891,,,,,
400018,211578,4372,,,,,,
400018,91509,28598,42672,,,,,
400018,150528,1942,699,,,,,
400018,128667,183583,101886,,,,,
400018,30,6697,513,,,,,
400018,5318,209883,24715,,,,,
400018,101257,194778,43572,,,,,
100152,483,151525,30,,,,,
100152,158584,326,291,,,,,
100152,59611,88809,3612,,,,,
100152,133372,899,201929,,,,,
100152,3589,755,50469,,,,,
100152,14163,40979,207,,,,,
100152,221082,67785,168255,,,,,
100152,132012,265,222950,,,,,
100152,193133,123957,6390,,,,,
100152,1910,583,795,,,,,
100152,357,12212,1985,,,,,
100152,48,21502,23273,,,,,
100152,7900,205730,,,,,,
100152,3183,54330,51995,,,,,
100152,1167,23559,117000,,,,,
100152,34577,403,2737,,,,,
100152,215196,4944,222471,,,,,
100152,170581,3452,,,,,,
100152,206775,10686,6166,,,,,
100152,26624,2172,29952,,,,,
100152,116400,90447,52773,,,,,
100152,179626,160574,136777,,,,,
100152,81945,505,1275,,,,,
100152,84560,152775,97310,,,,,
100152,21683,9921,35069,,,,,
100152,3906,159625,158624,,,,,
100152,27780,514,53633,,,,,
100152,192815,17531,8059,,,,,
100152,71067,45241,22324,,,,,
100152,221144,5224,15392,,,,,
100152,161407,9570,105026,,,,,
100152,133863,382,11325,,,,,
100152,31174,15990,38649,,,,,
100152,157018,105269,1885,,,,,
100152,342,139439,13891,,,,,
100152,177841,60773,649,,,,,
100152,13659,16048,29272,,,,,
100152,3939,141600,438,,,,,
100152,95186,1830,35683,,,,,
100152,20191,4283,107791,,,,,
100152,13763,4393,,,,,,
100152,32887,107527,1933,,,,,
100152,2086,82729,57926,,,,,
100152,219102,72341,4694,,,,,
100152,76329,23230,,,,,,
100152,15540,15630,1719,,,,,
100152,111554,181550,185793,,,,,
100152,165672,28014,202162,,,,,
100152,94365,5346,189484,,,,,
100152,123445,216746,185332,,,,,
100152,75133,178422,8637,,,,,
100152,166466,155578,19420,,,,,
100152,49671,39797,43141,,,,,
100152,11454,14341,154619,,,,,
100152,227207,214528,12847,,,,,
100152,1651,17545,120852,,,,,
100152,29540,2599,177627,,,,,
100152,2205,205354,,,,,,
100152,143090,164926,,,,,,
100152,56703,1081,224387,,,,,
100152,70,209658,63013,,,,,
100152,133080,186607,41569,,,,,
100152,91389,190224,233,,,,,
100152,28681,65783,2192,,,,,
100152,4701,156112,2935,,,,,
100152,10240,93339,,,,,,
100152,191610,89169,7806,,,,,
100152,86489,165868,1872,,,,,
100152,13285,166738,183127,,,,,
100152,6228,802,55139,,,,,
100152,134447,39055,220962,,,,,
100152,14912,161385,486,,,,,
100152,219589,95454,4999,,,,,
100152,13514,1859,1275,,,,,
100152,6125,18569,9311,,,,,
100152,228479,334,181860,,,,,
100152,5203,43211,745,,,,,
100152,2753,107424,2850,,,,,
100152,68732,284,5127,,,,,
100152,81578,188859,190973,,,,,
100152,799,16496,53400,,,,,
100152,32386,183336,40,,,,,
100152,32386,158517,16479,,,,,
100152,126392,34769,98353,,,,,
100152,740,1647,7246,,,,,
100152,202869,167890,,,,,,
100152,217454,116935,137225,,,,,
100152,201241,133809,13965,,,,,
100152,163429,123671,11520,,,,,
100152,183470,200839,,,,,,
100152,498,14421,4582,,,,,
100152,2093,1192,31058,,,,,
100152,33346,17520,120,,,,,
100152,208466,122937,,,,,,
100152,173521,16576,132254,,,,,
100152,19368,142365,2081,,,,,
100152,226214,10941,679,,,,,
100152,92887,147313,194579,,,,,
100152,134722,15011,3374,,,,,
100152,133244,638,822,,,,,
100152,599,53240,208094,,,,,
100152,167424,57870,50291,,,,,
100152,799,16496,53400,,,,,
100152,38257,18999,977,,,,,
100152,49671,39797,43141,,,,,
100152,6961,2874,77984,,,,,
100152,19466,64,131304,,,,,
100152,13755,2405,4000,,,,,
100152,147149,133138,6287,,,,,
100152,219393,15236,10854,,,,,
100152,331,125400,293,,,,,
100152,5325,42557,880,,,,,
100152,16720,151208,22785,,,,,
100152,188798,146313,219223,,,,,
100152,3667,18351,2294,,,,,
100152,155611,129448,104866,,,,,
100152,710,28728,177002,,,,,
100152,33429,3056,22255,,,,,
100152,6574,210195,491,,,,,
100152,37704,102104,6571,,,,,
100152,5671,1309,39055,,,,,
100152,9342,246,1270,,,,,
100152,112606,106719,16245,,,,,
100152,171735,2399,147,,,,,
100152,161460,374,2196,,,,,
100152,15540,15630,1719,,,,,
100152,11582,27780,3176,,,,,
100152,50628,26903,56149,,,,,
100152,186254,2423,15532,,,,,
100152,135216,9939,45309,,,,,
100152,61762,179152,220216,,,,,
201260,466,8007,86608,,,,,
201260,150627,143,551,,,,,
201260,117844,771,1429,,,,,
201260,217951,203559,,,,,,
201260,114828,5619,2325,,,,,
201260,742,4372,148489,,,,,
201260,9359,954,6640,,,,,
201260,52658,53837,227008,,,,,
201260,143,141804,,,,,,
201260,124426,188864,33536,,,,,
201260,131233,202865,178898,,,,,
201260,40860,184530,99420,,,,,
201260,2664,16302,383,,,,,
201260,5994,2373,1040,,,,,
201260,138933,2236,24165,,,,,
201260,38407,101861,87867,,,,,
201260,160453,3472,39399,,,,,
201260,36954,3846,1257,,,,,
201260,27504,18943,53273,,,,,
201260,27494,52967,182475,,,,,
201260,1,132185,1469,,,,,
201260,71975,4133,,,,,,
201260,29,178699,16857,,,,,
201260,187692,50456,5014,,,,,
201260,70068,155323,209771,,,,,
201260,203314,209399,5768,,,,,
201260,172977,159063,125165,,,,,
201260,34215,1016,1215,,,,,
201260,211051,362,111822,,,,,
201260,213428,124334,,,,,,
201260,32533,185600,44905,,,,,
201260,1596,29138,20856,,,,,
201260,90982,958,125136,,,,,
201260,1919,33831,50240,,,,,
201260,14623,39493,235,,,,,
201260,2887,4650,231,,,,,
201260,1739,891,148776,,,,,
201260,180608,94241,6045,,,,,
201260,49649,96817,8316,,,,,
201260,2857,127008,189718,,,,,
201260,39031,54940,21902,,,,,
201260,20856,99267,2081,,,,,
201260,3976,110273,166640,,,,,
201260,226998,199020,,,,,,
201260,198514,699,148921,,,,,
201260,10554,120259,,,,,,
201260,145,65676,2333,,,,,
201260,86585,198,,,,,,
201260,12122,5618,50462,,,,,
201260,5524,4558,2764,,,,,
201260,9670,17009,43280,,,,,
201260,85,137,1721,,,,,
201260,6468,39,13965,,,,,
201260,3150,12428,192878,,,,,
201260,3051,157303,529,,,,,
201260,10,526,182,,,,,
201260,211,2804,88,,,,,
201260,59592,100720,10378,,,,,
201260,21967,4664,163,,,,,
201260,14450,120603,136456,127825,,,,
201260,1343,46849,597,,,,,
201260,79760,154114,162574,,,,,
201260,118462,44223,70037,,,,,
201260,14597,185979,,,,,,
201260,43740,2219,,,,,,
201260,3353,99204,246,,,,,
201260,130879,205440,40904,,,,,
201260,30445,14231,80449,,,,,
201260,229,4409,547,,,,,
201260,6879,1616,22057,,,,,
201260,225701,,,,,,,
201260,71435,72265,175979,,,,,
201260,46727,13933,88944,,,,,
201260,59518,140260,1392,,,,,
201260,16843,20126,7372,,,,,
201260,75793,139851,14981,,,,,
201260,3647,194187,14163,,,,,
201260,13604,11206,128,,,,,
201260,99424,71284,,,,,,
201260,126970,65585,125520,,,,,
201260,60946,60441,8762,,,,,
201260,30791,48809,597,,,,,
201260,28643,195174,184469,,,,,
201260,5673,18277,84725,,,,,
201260,53646,105036,,,,,,
201260,13066,156,136770,,,,,
201260,31622,284,1398,,,,,
201260,36855,10869,20124,,,,,
201260,342,9279,145063,,,,,
201260,224306,,,,,,,
201260,32217,2508,705,,,,,
201260,226504,150275,6953,,,,,
201260,220119,7261,8404,,,,,
201260,92023,79713,139362,,,,,
201260,49030,1444,2081,,,,,
201260,185196,196073,186641,,,,,
201260,1344,15446,217113,,,,,
201260,35798,35922,93317,,,,,
201260,9186,176153,,,,,,
201260,107018,57581,44753,,,,,
201260,154495,119277,38890,,,,,
201260,134514,35225,822,,,,,
201260,45783,591,76788,,,,,
201260,11412,3856,1528,,,,,
201260,162037,68800,13896,,,,,
201260,43338,190874,4924,,,,,
201260,174727,156934,,,,,,
201260,56294,,,,,,,
201260,11190,112425,,,,,,
201260,45587,189243,205593,,,,,
201260,120558,171815,101,,,,,
201260,514,181154,66600,,,,,
201260,27630,236,2528,,,,,
201260,167029,211290,100041,,,,,
201260,60946,60441,8762,,,,,
201260,152945,15034,114972,,,,,
201260,208,37572,114,,,,,
201260,163732,961,171525,,,,,
201260,732,87176,26410,,,,,
201260,56399,210307,265,,,,,
201260,111017,58790,2320,,,,,
201260,136,140878,118553,,,,,
201260,20424,180786,10997,,,,,
201260,133763,222520,,,,,,
201260,1810,8206,,,,,,
201260,25550,13764,302,,,,,
201260,5649,13819,174217,,,,,
201260,142259,25131,140,,,,,
201260,186148,85599,50389,,,,,
201260,54940,2370,21902,,,,,
201260,168163,155526,112691,,,,,
201260,46738,8242,7598,,,,,
201260,549,,,,,,,
201260,849,96218,14658,,,,,
201260,8519,185804,108126,,,,,
201260,5264,32267,20434,,,,,
201260,24958,24664,2379,,,,,
201260,21646,97966,78532,,,,,
201260,72821,35624,195958,,,,,
201260,15661,39543,49866,,,,,
201260,32571,217585,115225,,,,,
201260,268,8004,186926,,,,,
201260,109660,42698,129012,,,,,
201260,147952,171370,28278,,,,,
201260,1769,16094,810,,,,,
201260,1208,129739,26308,,,,,
201260,50587,190895,56338,,,,,
201260,227953,29132,506,,,,,
201260,58652,48578,13077,,,,,
201260,28319,1834,6298,,,,,
201260,12068,1122,321,,,,,
201260,132161,914,8336,,,,,
201260,35667,24173,219708,,,,,
201260,1227,,,,,,,
201260,165060,180090,143111,,,,,
201260,7808,3557,208764,,,,,
201260,16098,228779,10075,,,,,
201260,180715,90702,109373,,,,,
100063,1862,16039,17885,,,,,
100063,101,29,416,,,,,
100063,130766,157812,57326,,,,,
100063,54380,163359,35836,,,,,
100063,1862,93501,179006,,,,,
100063,38455,32564,218195,,,,,
100063,46156,26613,101,,,,,
100063,159900,9150,284,,,,,
100081,203508,28715,161423,,,,,
100081,150364,2484,561,,,,,
100081,81119,16975,8716,,,,,
100081,932,656,15664,,,,,
100081,127669,452,2306,,,,,
100081,1023,,,,,,,
100081,395,39906,,,,,,
100081,72793,351,66225,,,,,
100081,13518,491,22055,,,,,
100081,6625,34142,210724,,,,,
100081,3356,105147,189557,,,,,
100081,2767,4825,52590,,,,,
100081,192450,94471,17793,,,,,
100081,873,2649,10267,,,,,
100081,11102,39754,140282,,,,,
100081,87902,220681,32694,,,,,
100081,99661,973,96448,,,,,
100081,190423,56994,51924,,,,,
100081,158813,4746,14581,,,,,
100081,1301,2320,184403,,,,,
100081,9157,26788,123839,,,,,
100081,1105,1831,1229,,,,,
100219,157954,151351,,,,,,
100219,679,3726,389,,,,,
100219,224384,6985,884,,,,,
100219,45676,166613,4516,,,,,
100219,2160,5714,1209,,,,,
100219,147840,206407,3192,,,,,
100219,85112,6469,4944,,,,,
100219,45589,57669,22448,,,,,
100219,9505,2739,24349,,,,,
100219,47439,85031,153715,,,,,
100219,209641,250,561,,,,,
100219,177569,212990,16703,,,,,
100219,13380,47051,10620,,,,,
100219,2191,23049,30222,,,,,
100219,77353,228192,3150,,,,,
100219,2871,8717,,,,,,
100219,191628,13067,6910,,,,,
100219,845,755,36828,,,,,
100219,1538,8473,427,,,,,
100219,6099,14,192489,,,,,
100219,52553,128137,147156,,,,,
100219,13127,5214,163169,,,,,
100219,16167,3435,21695,,,,,
100219,10325,6884,13766,,,,,
100219,10833,5005,47942,,,,,
100219,22994,42669,55024,,,,,
100219,11965,159871,8417,,,,,
100219,15838,133616,11623,,,,,
100219,845,755,36828,,,,,
100219,203821,60845,13095,,,,,
100219,3468,16843,,,,,,
100219,171399,3366,828,,,,,
100219,226137,3896,,,,,,
100219,3558,710,7679,,,,,
100219,51524,31379,907,,,,,
100219,8951,8533,9886,,,,,
100219,105704,119565,97226,,,,,
100219,45589,57669,22448,,,,,
100219,90963,148565,26144,,,,,
100219,6350,1942,,,,,,
100219,77938,11011,142379,,,,,
100219,195735,49050,56878,,,,,
100219,533,5394,66959,,,,,
100300,7128,98963,2153,,,,,
100300,153773,118898,2153,,,,,
100300,75261,624,146352,,,,,
100300,87797,20702,23612,,,,,
100300,226107,2655,6586,,,,,
100300,130706,221165,69373,,,,,
100300,106,182086,94139,,,,,
100300,74260,20009,638,,,,,
100300,11766,179,14922,,,,,
